tx,ty,tz,rx,ry,rz
0,0,0,1.41422,1.00003,1.00003
